car,price,body,mileage,engV,engType,registration,year,model,drive
Skoda,17200,sedan,102,1.8,Petrol,yes,2013,Superb,front
Nissan,12000,hatch,14,1.2,Petrol,yes,2014,Micra,front
BMW,24999,vagon,24,2,Petrol,yes,2012,X1,rear
Volkswagen,17900,crossover,70,1.4,Petrol,yes,2012,Tiguan,front
GAZ,2200,other,32,2.3,Gas,yes,2002,3221 GAZåëü,rear
Toyota,15500,sedan,129,3.5,Other,yes,2008,Camry,front
Kia,22500,crossover,70,2,Diesel,yes,2013,Sportage,full
Suzuki,11000,crossover,136,2,Petrol,yes,2007,Grand Vitara,full
Opel,11500,sedan,125,2.8,Petrol,yes,2008,Vectra C,front
ZAZ,6650,hatch,44,1.5,Petrol,yes,2013,Vida,front
Ford,8600,hatch,36,1,Petrol,yes,2013,Fiesta,front
Skoda,14000,sedan,70,2,Petrol,yes,2008,Octavia A5,front
BMW,5000,sedan,400,2,Petrol,yes,1991,520,rear
Renault,8500,sedan,57,1.2,Gas,yes,2013,Logan,front
Audi,9800,hatch,165,1.6,Gas,yes,2006,A3,front
Toyota,17200,crossover,149,4.7,Petrol,yes,2008,Land Cruiser 200,full
Mitsubishi,2500,crossover,1,2.5,Diesel,yes,2007,L 200,full
Kia,17777,crossover,1,2.4,Petrol,yes,2010,Sorento,full
Infiniti,27500,crossover,98,3.5,Petrol,yes,2008,FX 35,full
Volkswagen,12900,sedan,157,1.8,Gas,yes,2008,Passat B6,front
Volkswagen,12700,van,164,1.6,Diesel,yes,2012,Touran,front
Chery,2499,sedan,170,1.6,Petrol,yes,2008,Amulet,front
Volkswagen,3300,sedan,200,1.8,Petrol,yes,1989,Passat B3,front
Chevrolet,3400,sedan,150,1.5,Petrol,yes,2004,Aveo,front
VAZ,2850,sedan,150,1.6,Petrol,yes,2008,21099,front
Nissan,14999,crossover,70,2,Petrol,yes,2010,Qashqai,front
Renault,5950,sedan,277,1.5,Diesel,yes,2005,Megane,front
BMW,0,crossover,6,4.4,Petrol,yes,2016,X5 M,full
Hyundai,10900,crossover,97,2,Diesel,yes,2008,Tucson,full
Lexus,48000,other,50,5.7,Petrol,yes,2009,LX 570,full
Toyota,14900,hatch,100,1.8,Other,yes,2010,Prius,front
Toyota,6900,hatch,109,1.3,Gas,yes,2007,Yaris,front
Volkswagen,24000,sedan,105,2,Diesel,yes,2012,Passat CC,front
UAZ,1000,crossover,3,2.4,Petrol,yes,1986,469Á,full
Bogdan,4900,sedan,410,1.6,Gas,yes,2015,2110,front
Mitsubishi,8400,sedan,147,2,Petrol,yes,2007,Lancer,front
Peugeot,13700,hatch,54,1.6,Petrol,yes,2013,208,front
Nissan,12500,crossover,89,1.6,Petrol,yes,2011,Juke,front
Toyota,9950,sedan,142,1.8,Petrol,yes,2008,Avensis,front
Audi,33900,other,14,1.8,Petrol,yes,2014,TT,front
Mitsubishi,6500,sedan,133,1.6,Petrol,yes,2007,Lancer,front
Mercedes-Benz,6800,van,250,1.7,Diesel,yes,2003,Vaneo,front
Mercedes-Benz,5400,other,300,3.2,Gas,yes,1997,E-Class,rear
Hyundai,27800,crossover,93,3,Diesel,yes,2012,ix55 (Veracruz),full
Mazda,26800,sedan,31,NA,Petrol,yes,2015,6,front
VAZ,2150,hatch,180,1.5,Gas,yes,1996,2109,front
Porsche,24900,crossover,88,4.8,Petrol,yes,2008,Cayenne,full
ZAZ,5500,sedan,60,1.5,Petrol,yes,2013,Vida,front
GAZ,1800,sedan,100,2.3,Gas,yes,2000,3110,rear
Nissan,9960,van,90,1.5,Diesel,yes,2013,NV,front
Fiat,9200,vagon,67,1.4,Petrol,yes,2013,Doblo ïàññ.,front
Ford,19700,sedan,57,2,Petrol,yes,2012,Mondeo,front
VAZ,1350,sedan,233,1.3,Petrol,yes,1984,2105,rear
Nissan,10900,sedan,120,2.3,Petrol,yes,2006,Teana,front
Volkswagen,8300,hatch,147,1.6,Gas,yes,2006,Golf Plus,front
Renault,5000,sedan,200,1.4,Petrol,yes,2007,Clio,front
Audi,14200,sedan,176,3,Diesel,yes,2005,A6,full
Daewoo,4600,sedan,35,1.3,Petrol,yes,2013,Sens,front
Audi,3500,sedan,1,2,Other,yes,1988,90,front
Mazda,7500,sedan,169,2,Petrol,yes,2005,3,front
Lexus,22499,crossover,165,3.5,Gas,yes,2008,RX 350,full
Mazda,7500,sedan,170,2,Petrol,yes,2005,3,
VAZ,2600,vagon,37,1.5,Petrol,yes,2006,2104,rear
Toyota,8700,hatch,38,1.6,Petrol,yes,2008,Auris,front
Subaru,13500,crossover,203,2,Gas,yes,2008,Forester,full
Kia,3499,sedan,220,1.5,Petrol,yes,2001,Shuma,front
Alfa Romeo,2350,vagon,230,1.9,Diesel,no,2003,156,front
Hyundai,12900,sedan,143,2,Petrol,yes,2010,Sonata,
Kia,9447.75,crossover,53,1.6,Petrol,yes,2013,Sportage,front
Citroen,7700,hatch,39,1,Petrol,yes,2012,C1,front
Opel,4900,sedan,300,1.8,Gas,yes,1998,Vectra B,front
Peugeot,13700,hatch,2,1.2,Petrol,yes,2016,208,front
VAZ,3550,hatch,67,1.6,Petrol,yes,2008,1119,front
Fiat,6600,van,87,1.3,Diesel,yes,2012,Doblo ãðóç.,front
Hyundai,10100,sedan,150,2,Gas,yes,2008,Sonata,front
Kia,7500,sedan,165,2,Petrol,yes,2006,Magentis,front
Kia,9850,van,82,2,Petrol,yes,2009,Carens,
Mercedes-Benz,18500,sedan,143,5.5,Petrol,yes,2007,S 550,full
Audi,23500,crossover,245,3,Diesel,yes,2007,Q7,full
Mercedes-Benz,5800,van,282,2.2,Diesel,yes,2001,Vito ïàññ.,front
Audi,33000,crossover,60,2,Petrol,yes,2011,Q5,full
Volkswagen,24500,crossover,62,2,Diesel,yes,2012,Passat CC,front
Hyundai,20700,sedan,18,2.4,Gas,yes,2014,Sonata,front
Mercedes-Benz,39500,sedan,30,1.6,Petrol,yes,2014,C-Class,rear
Toyota,19900,sedan,28,1.6,Petrol,yes,2014,Corolla,front
BMW,36900,crossover,82,3,Petrol,yes,2010,X6,full
Ford,40000,crossover,12,3.5,Other,yes,2014,Explorer,full
Volkswagen,0,van,277,2.5,Diesel,yes,2001,T4 (Transporter) ïàññ.,front
VAZ,3600,sedan,189,1.6,Gas,yes,2007,2115,front
Porsche,45900,crossover,54,3.6,Petrol,yes,2011,Cayenne,full
Bentley,55000,sedan,100,6,Petrol,yes,2006,Continental,full
Audi,35900,sedan,105,2,Diesel,yes,2014,A6,front
Chevrolet,5300,sedan,196,1.5,Other,yes,2007,Aveo,front
BYD,6000,sedan,64,1.6,Gas,yes,2008,F3,front
Toyota,4650,hatch,170,1,Petrol,yes,2002,Yaris,front
Toyota,3800,sedan,220,1.6,Petrol,yes,1994,Carina,front
BYD,6700,hatch,20,1.5,Petrol,yes,2012,F3R,front
Mercedes-Benz,102800,van,0,2.2,Diesel,yes,2016,V 250,rear
Mitsubishi,7500,sedan,195,1.6,Gas,yes,2007,Lancer,front
Seat,14500,sedan,40,1.2,Petrol,yes,2014,Toledo,front
Hyundai,4300,van,250,2.5,Diesel,yes,2001,H1 ãðóç.,rear
Ford,11200,hatch,67,1,Petrol,yes,2013,B-Max,front
Daewoo,3500,sedan,180,1.5,Petrol,yes,2004,Lanos,front
Nissan,1600,vagon,330,1.5,Petrol,yes,1984,Sunny,front
Great Wall,7800,crossover,95,2.4,Gas,yes,2008,Hover,full
Ford,11950,van,60,1.5,Diesel,yes,2015,Courier,front
Renault,5899,vagon,189,NA,Diesel,no,2012,Megane,front
BMW,8400,sedan,220,2.2,Gas,yes,2001,5 Series,rear
Alfa Romeo,15300,sedan,62,2.2,Petrol,yes,2009,159,front
Kia,6300,hatch,89,1.1,Petrol,yes,2006,Picanto,front
Volkswagen,18500,sedan,217,3,Diesel,yes,2006,Phaeton,full
Chery,4700,sedan,106,2,Gas,yes,2008,Elara,
Mitsubishi,15700,other,68,1.8,Petrol,yes,2011,ASX,front
Dacia,5400,sedan,105,1.4,Petrol,yes,2009,Logan,front
Renault,11111,vagon,190,1.5,Diesel,yes,2011,Laguna,front
Smart,7000,other,42,1,Petrol,yes,2012,Fortwo,rear
VAZ,3899,sedan,67,1.6,Petrol,yes,2012,2115,front
Chery,3400,sedan,80,1.6,Gas,yes,2009,Amulet,front
Mercedes-Benz,8200,sedan,260,3,Diesel,yes,1997,S 300,rear
Hyundai,5900,hatch,106,1.6,Petrol,yes,2006,Getz,front
BMW,8850,vagon,280,2.5,Diesel,yes,2000,525,rear
Moskvich-AZLK,400,sedan,1,10,Petrol,yes,1985,2140,rear
BMW,13700,sedan,122,2,Petrol,yes,2007,318,rear
Nissan,19999,crossover,45,2,Petrol,yes,2013,X-Trail,full
Volkswagen,4100,sedan,88,1.8,Gas,yes,1993,Vento,front
BMW,4800,vagon,400,2.5,Diesel,yes,1994,525,rear
Peugeot,9600,van,66,1.6,Diesel,yes,2014,Partner ãðóç.,front
Chrysler,2700,van,111,2.5,Diesel,no,2003,Grand Voyager,front
VAZ,2000,sedan,42,1.5,Petrol,yes,1987,2108,
Daewoo,1300,sedan,172,1.5,Petrol,no,2000,Lanos,front
Chevrolet,23900,hatch,33,1.4,Other,yes,2014,Volt,front
Mercedes-Benz,5900,crossover,271,2.7,Diesel,no,2003,ML 270,full
Mercedes-Benz,4000,crossover,287,4,Diesel,no,2003,ML 400,full
Honda,8700,sedan,150,1.8,Petrol,yes,2008,Civic,front
Renault,7999,van,92,1.5,Diesel,yes,2013,Kangoo ãðóç.,front
Nissan,14700,hatch,21,NA,Other,yes,2013,Leaf,front
BMW,62900,crossover,1,2,Diesel,yes,2016,X5,full
Bentley,60000,sedan,54,6,Petrol,yes,2009,Continental,full
Land Rover,39900,crossover,124,5,Petrol,yes,2011,Range Rover,full
BMW,47000,other,5,2,Petrol,yes,2014,Z4,rear
Skoda,5800,sedan,250,1.6,Petrol,yes,2001,Octavia,front
Kia,7900,sedan,147,2,Gas,yes,2008,Cerato,front
Audi,18400,vagon,151,2,Diesel,yes,2010,A4,front
BMW,8100,vagon,180,2,Diesel,no,2011,118,front
Mazda,4600,sedan,230,2,Petrol,yes,1997,626,front
VAZ,1950,other,25,1.5,Gas,yes,1998,2109,front
VAZ,4000,hatch,104,1.6,Petrol,yes,2008,2112,front
Chevrolet,5800,sedan,172,NA,Other,yes,2008,Aveo,front
Volkswagen,3600,sedan,320,1.8,Gas,yes,1989,Passat B3,front
Chevrolet,5400,sedan,170,2,Gas,yes,2005,Evanda,front
BMW,19900,other,218,3,Petrol,yes,2007,335,rear
BMW,34900,vagon,136,2,Diesel,yes,2012,520,rear
Lexus,22900,sedan,120,4.6,Petrol,yes,2008,LS 460,rear
Fiat,8500,van,200,2,Diesel,yes,2007,Scudo ïàññ.,front
ZAZ,899,other,15,1.2,Petrol,yes,1991,968,rear
Chevrolet,5700,sedan,80,1.5,Petrol,yes,2007,Aveo,front
Mercedes-Benz,19900,other,52,1.8,Petrol,yes,2007,SLK 200,rear
Citroen,4999,vagon,200,1.6,Diesel,yes,2008,Berlingo ïàññ.,front
Honda,6200,other,170,2,Petrol,yes,1995,Prelude,front
Nissan,88888,crossover,0,3,Diesel,yes,2009,Patrol,full
BMW,21000,hatch,79,1.6,Petrol,yes,2013,118,rear
Mercedes-Benz,2300,hatch,175,1.4,Petrol,no,2000,A 140,front
Audi,6900,sedan,327,3.7,Petrol,yes,1997,A8,full
BMW,6500,sedan,1,3,Petrol,yes,1995,730,rear
Volkswagen,5300,vagon,259,1.6,Gas,yes,1995,Passat B4,front
Mercedes-Benz,1950,sedan,1,2,Diesel,yes,1979,200,rear
Acura,8550,sedan,145,3.2,Petrol,yes,2005,TL,front
Skoda,3650,sedan,210,NA,Diesel,no,2007,Octavia A5,front
BMW,45500,sedan,42,2,Diesel,yes,2014,520,rear
BMW,11700,sedan,270,3,Diesel,yes,2003,530,rear
Volkswagen,4999,hatch,131,1.4,Petrol,yes,2002,Polo,front
Opel,5300,hatch,1,2,Gas,yes,1997,Vectra B,front
Kia,14200,sedan,60,1.6,Petrol,yes,2013,Cerato,front
Ford,3500,van,200,2,Gas,yes,1989,Transit ïàññ.,rear
Audi,3700,hatch,420,2,Diesel,no,2004,A3,front
Dadi,6600,other,105,2.4,Petrol,yes,2007,Shuttle,full
Mazda,9300,hatch,130,NA,Other,yes,2008,3,
Volkswagen,10800,van,156,1.6,Diesel,yes,2012,Caddy ãðóç.,front
Toyota,9003.15,sedan,43,1.3,Petrol,yes,2014,Corolla,front
Kia,5700,sedan,128,1.4,Petrol,yes,2007,Rio,front
Fiat,6500,van,123,1.4,Petrol,yes,2011,Doblo ãðóç.,front
BMW,5800,other,400,2,Petrol,yes,1998,520,rear
Mitsubishi,23900,crossover,1,1.8,Petrol,yes,2015,ASX,front
Volkswagen,10500,van,176,1.6,Diesel,yes,2012,Caddy ãðóç.,front
Mercedes-Benz,173333,other,0,3,Petrol,yes,2016,S 400,full
Opel,0,vagon,255,1.6,Petrol,yes,1994,Astra F,front
Infiniti,29900,crossover,113,3.5,Gas,yes,2008,FX 35,full
Citroen,3500,van,200,1.9,Diesel,yes,1998,Berlingo ãðóç.,front
Opel,5700,sedan,170,1.4,Gas,yes,2005,Astra G,front
UAZ,5500,crossover,20,3,Gas,yes,1972,469,full
Daewoo,3500,sedan,110,1.5,Petrol,yes,2007,Lanos,front
Chrysler,4250,sedan,197,2.7,Petrol,yes,2004,Sebring,front
VAZ,0,hatch,1,1.5,Gas,yes,1998,2109 (Áàëòèêà),front
Skoda,12500,sedan,105,1.8,Petrol,yes,2010,Superb,front
Skoda,2400,hatch,111,1.3,Petrol,yes,1996,Felicia,front
Renault,10200,other,39,1.5,Diesel,yes,2014,Kangoo ïàññ.,front
Volkswagen,13500,sedan,104,1.8,Petrol,yes,2010,Passat B6,front
Mitsubishi,6500,crossover,285,2.5,Diesel,yes,1991,Pajero,full
BMW,31000,vagon,15,NA,Other,yes,2015,I3,front
Citroen,4950,vagon,100,3,Petrol,yes,2003,C5,front
Geely,4600,sedan,74,1.6,Gas,yes,2010,MK,front
VAZ,3100,sedan,187,1.6,Petrol,yes,2007,21099,front
Fiat,15100,vagon,29,1.4,Gas,yes,2014,500 L,front
Fiat,5100,van,175,1.9,Diesel,yes,2002,Scudo ïàññ.,front
BMW,4100,sedan,350,2.4,Diesel,yes,1992,525,rear
Mitsubishi,9000,crossover,200,2,Gas,yes,2006,Outlander,full
Mitsubishi,1450,crossover,245,2.8,Diesel,no,1996,Pajero,full
Audi,17000,crossover,127,3,Diesel,no,2013,Q7,full
BMW,8500,sedan,245,2.2,Petrol,yes,2002,523,rear
Ford,56700,other,0,2.3,Petrol,yes,2016,Mustang,rear
Hyundai,6400,hatch,79,1.4,Petrol,yes,2007,Getz,front
Rover,5500,sedan,203,2,Petrol,yes,2000,75,front
Opel,6100,sedan,193,1.4,Petrol,yes,2007,Astra G,front
Mercedes-Benz,24500,crossover,236,5,Petrol,yes,2000,G 500,full
VAZ,4700,sedan,16,1.6,Petrol,yes,2008,2115,front
Mercedes-Benz,8300,sedan,233,3.2,Diesel,yes,2001,320,rear
Skoda,8600,sedan,80,1.8,Gas,yes,2008,Octavia Tour,front
Honda,16200,crossover,92,2,Gas,yes,2008,CR-V,full
Toyota,12900,sedan,134,2.4,Gas,yes,2007,Camry,front
Renault,11700,van,150,2.3,Diesel,yes,2012,Master ãðóç.,front
Skoda,8400,sedan,110,1.6,Petrol,yes,2008,Octavia Tour,front
Opel,7000,vagon,115,1.7,Diesel,yes,2009,Astra G,front
Renault,2900,hatch,280,NA,Diesel,no,2005,Scenic,front
Dodge,3550,sedan,303,2,Gas,yes,1994,Neon,front
Kia,12900,crossover,202,2.5,Diesel,yes,2007,Sorento,full
Daewoo,3450,sedan,134,0.8,Petrol,yes,2008,Matiz,front
Mercedes-Benz,13100,sedan,160,3.7,Petrol,yes,2003,S 350,rear
Mercedes-Benz,4000,sedan,405,2,Diesel,yes,1992,200,rear
Ford,8200,van,123,1.8,Diesel,yes,2008,C-Max,front
Geely,3700,sedan,68,1.5,Petrol,yes,2011,CK-2,front
Mercedes-Benz,8000,van,40,2.9,Diesel,yes,1999,Sprinter 212 ïàññ.,
Volkswagen,9300,van,154,2,Gas,yes,2010,Caddy ïàññ.,front
ZAZ,1800,sedan,120,1.2,Petrol,yes,2008,1103 Ñëàâóòà,front
SsangYong,16200,crossover,21,2,Diesel,yes,2014,Kyron,full
Toyota,14700,hatch,98,1.6,Gas,yes,2013,Auris,front
Mercedes-Benz,11800,sedan,150,2.2,Diesel,yes,2004,E-Class,
Mercedes-Benz,42500,sedan,140,5.5,Petrol,yes,2011,S 500,full
Daewoo,3800,sedan,94,1.5,Petrol,yes,2008,Nexia,front
Mazda,9700,hatch,49,1.5,Petrol,yes,2009,2,front
BMW,11800,crossover,210,3,Diesel,no,2006,X5,full
VAZ,703.95,sedan,187,1.6,Petrol,yes,1985,2107,rear
Nissan,3700,sedan,250,2,Other,yes,1995,Maxima,rear
BMW,3700,sedan,305,1.9,Petrol,no,2000,318,rear
Kia,18800,crossover,86,2.4,Gas,yes,2012,Sorento,full
VAZ,5100,crossover,5,1.7,Petrol,yes,2000,2121,full
Volkswagen,16450,van,143,2,Diesel,yes,2012,T5 (Transporter) ãðóç,front
Audi,30500,vagon,152,3,Diesel,yes,2012,A6,full
Land Rover,83000,crossover,16,3,Petrol,yes,2015,Range Rover Sport,
Volkswagen,7800,vagon,289,NA,Diesel,yes,2003,Passat B5,front
Volkswagen,35000,sedan,74,4.2,Gas,yes,2011,Phaeton,full
Mercedes-Benz,23500,van,161,2.2,Diesel,yes,2011,Vito ïàññ.,full
Audi,8700,sedan,202,3.7,Gas,yes,1998,A8,full
Land Rover,55000,crossover,75,3,Diesel,yes,2013,Range Rover Sport,full
Ford,40600,other,0,2.2,Diesel,yes,2016,Ranger,full
Chevrolet,7000,sedan,123,2,Petrol,yes,2008,Epica,front
Peugeot,2700,other,400,2.5,Diesel,yes,1995,Boxer ãðóç.,front
ZAZ,6900,sedan,52,1.5,Gas,yes,2013,Vida,front
Mercedes-Benz,74900,other,32,6.3,Petrol,yes,2007,CL 63 AMG,rear
SsangYong,10900,crossover,183,2.7,Diesel,yes,2006,Rexton,full
Ford,36155,crossover,0,2,Diesel,yes,2016,Kuga,full
Audi,49900,other,79,4.2,Petrol,yes,2007,R8,full
Mitsubishi,11960,other,140,2.5,Diesel,yes,2007,L 200,full
Peugeot,9000,hatch,108,1.6,Diesel,yes,2008,308,front
Alfa Romeo,2300,sedan,122,1.6,Petrol,yes,1991,75,rear
Toyota,26200,crossover,156,4,Gas,yes,2007,Land Cruiser Prado,
Toyota,19200,crossover,190,2.7,Gas,yes,2005,Land Cruiser Prado,full
BMW,2800,sedan,300,1.8,Other,yes,1987,318,rear
Geely,6200,sedan,12,1.5,Petrol,yes,2013,CK-2,front
Chevrolet,8000,sedan,49,1.5,Petrol,yes,2011,Aveo,front
Mercedes-Benz,11000,van,300,2.2,Diesel,yes,2007,Vito ïàññ.,rear
Ford,18300,crossover,36,2.5,Petrol,yes,2012,Kuga,full
Chevrolet,4300,sedan,118,1.5,Gas,yes,2005,Aveo,front
Lexus,2990,sedan,200,3,Petrol,no,1997,GS 300,rear
Volkswagen,34500,crossover,108,3,Diesel,yes,2012,Touareg,full
BMW,6499,other,230,3,Diesel,no,2002,X5,
Peugeot,4700,sedan,315,2,Petrol,yes,2003,406,front
Suzuki,8750,sedan,89,1.6,Petrol,yes,2008,SX4,front
Audi,0,sedan,166,3,Gas,yes,2005,A6,full
Audi,53700,crossover,67,3,Petrol,yes,2013,A6 Allroad,full
ZAZ,1650,hatch,103,1.2,Gas,yes,2002,1102 Òàâðèÿ,front
VAZ,6500,crossover,7,NA,Gas,yes,2015,2121,full
Nissan,16600,hatch,13,NA,Other,yes,2014,Leaf,front
Citroen,13800,hatch,94,1.6,Diesel,yes,2013,C4,front
Fiat,6500,van,168,1.3,Diesel,yes,2011,Fiorino ïàññ.,front
Volkswagen,4500,vagon,220,2,Diesel,no,2005,Touran,front
Ford,7800,vagon,106,1.4,Petrol,yes,2011,Fusion,front
ZAZ,8436.285,sedan,8,1.5,Gas,yes,2015,Vida,front
VAZ,2500,sedan,82,1.5,Petrol,yes,2007,2107,rear
Opel,7100,hatch,201,1.6,Gas,yes,2005,Astra H,front
Opel,10800,van,220,2,Diesel,yes,2006,Vivaro ïàññ.,front
Audi,15000,sedan,168,NA,Other,yes,2007,A6,
Nissan,16990,crossover,70,1.6,Petrol,yes,2014,Juke,front
Mercedes-Benz,42500,sedan,110,3,Diesel,yes,2011,S 350,full
Peugeot,9500,vagon,123,1.6,Other,yes,2008,Partner ïàññ.,front
Mercedes-Benz,3550,sedan,238,2.2,Diesel,no,2001,E-Class,rear
Volkswagen,17200,van,230,3.2,Gas,yes,2008,Multivan,front
Chery,4600,crossover,55,1.3,Petrol,yes,2011,Beat,front
Toyota,27800,crossover,98,2.2,Diesel,yes,2013,Rav 4,full
Opel,7290,sedan,209,2.2,Petrol,yes,2004,Vectra C,front
BMW,0,sedan,145,2,Diesel,yes,2007,320,rear
Audi,14300,sedan,175,3,Petrol,yes,2006,A6,full
Toyota,26200,other,73,2.5,Diesel,yes,2012,Hilux,full
VAZ,4450,vagon,30,1.4,Petrol,yes,2012,1117,front
Honda,16300,crossover,111,2.4,Petrol,yes,2008,CR-V,full
Toyota,17500,hatch,45,1.6,Petrol,yes,2014,Auris,front
Jaguar,39900,sedan,24,2,Petrol,yes,2016,XE,rear
Volkswagen,10500,other,270,2.5,Diesel,yes,2007,T5 (Transporter) ïàññ.,front
BMW,10800,other,191,2.2,Petrol,yes,2002,320,rear
Mercedes-Benz,35500,sedan,100,3.5,Petrol,yes,2010,S 350,full
Audi,1750,vagon,330,1.9,Diesel,no,1996,A4,front
Volkswagen,12800,other,298,NA,Diesel,yes,2005,T5 (Transporter) ïàññ.,
Chevrolet,6000,crossover,203,1.7,Petrol,yes,2007,Niva,full
Mitsubishi,12300,other,175,2.5,Diesel,yes,2008,L 200,full
Volkswagen,10700,vagon,171,1.9,Diesel,yes,2010,Caddy ïàññ.,front
Mercedes-Benz,16555,sedan,159,3.5,Gas,yes,2006,CLS 350,rear
Citroen,6700,van,108,1.6,Diesel,yes,2007,Berlingo ïàññ.,front
Jaguar,10300,sedan,164,2.5,Petrol,yes,2006,X-Type,full
Rolls-Royce,130000,other,43,6.75,Petrol,yes,2006,Phantom,rear
BMW,5800,sedan,270,4.4,Petrol,yes,1996,540,rear
Renault,4299,vagon,300,1.5,Diesel,yes,2003,Kangoo ïàññ.,front
Ford,16600,other,30,2.2,Diesel,yes,2013,Ranger,full
Chevrolet,94400,van,1,5.3,Petrol,yes,2014,Express ïàññ.,full
Land Rover,95555,crossover,60,4.4,Diesel,yes,2014,Range Rover,full
Geely,9900,sedan,79,2,Gas,yes,2014,Emgrand 8,front
Renault,10200,vagon,151,1.5,Diesel,yes,2011,Megane,front
Chery,6350,crossover,77,2.4,Gas,yes,2008,Tiggo,front
Dodge,47000,other,14,6.4,Petrol,yes,2009,Challenger,
Nissan,7500,sedan,192,10,Gas,yes,2003,Maxima,front
Lexus,22500,sedan,120,3.5,Petrol,yes,2010,GS 350,full
Land Rover,46900,crossover,115,3,Diesel,yes,2012,Range Rover Sport,full
Mercedes-Benz,6999,other,168,2.3,Petrol,yes,2001,CLK 230,
Toyota,8900,crossover,153,2,Petrol,yes,2003,Rav 4,full
Volvo,5999,sedan,168,2,Petrol,yes,2000,S80,front
Mercedes-Benz,7500,sedan,187,2,Gas,yes,2001,C-Class,
BMW,12500,crossover,176,3,Gas,yes,2002,X5,full
Toyota,5500,crossover,188,2,Petrol,yes,1999,Rav 4,full
Renault,6900,sedan,68,1.5,Diesel,yes,2013,Logan,
Mitsubishi,6800,sedan,82,2,Petrol,yes,2007,Lancer,
Land Rover,6900,crossover,167,2.5,Gas,yes,2003,Freelander,full
Honda,7999,sedan,118,1.8,Petrol,yes,2007,Civic,
Daewoo,2500,hatch,12,1.6,Gas,yes,1998,Nubira,front
Mercedes-Benz,2100,other,350,2.4,Diesel,yes,1988,MB ãðóç.,front
Ferrari,205000,other,12,4.5,Petrol,yes,2012,458 Italia,rear
Volkswagen,10900,sedan,136,1.8,Petrol,yes,2008,Passat B6,front
Renault,9200,hatch,12,1.2,Petrol,yes,2013,Sandero,front
VAZ,1100,sedan,38,1.5,Gas,yes,1990,2107,rear
Volkswagen,9650,vagon,200,1.4,Gas,yes,2009,Passat B6,front
Audi,31500,sedan,80,2,Petrol,yes,2013,A6,front
Peugeot,15700,vagon,55,1.6,Diesel,yes,2012,3008,front
BMW,12800,sedan,140,2.2,Petrol,yes,2005,520,rear
BMW,22500,other,100,3,Petrol,yes,2007,630,rear
Toyota,19800,crossover,44,2,Petrol,yes,2013,Rav 4,front
Mercedes-Benz,6400,hatch,177,2,Diesel,no,2008,B 200,front
Porsche,54500,sedan,77,4.8,Petrol,yes,2012,Panamera,full
Opel,8500,sedan,230,2.2,Petrol,yes,2006,Vectra C,front
BMW,19000,crossover,215,3,Diesel,yes,2006,X5,full
Skoda,10500,sedan,170,1.8,Gas,yes,2008,Superb,front
Nissan,13900,hatch,45,NA,Other,yes,2012,Leaf,front
Audi,69999,crossover,21,3,Petrol,yes,2015,A6 Allroad,full
Volkswagen,51900,crossover,30,3,Diesel,yes,2015,Touareg,full
Daewoo,4100,sedan,68,1.3,Gas,yes,2011,Sens,front
Volkswagen,10600,van,240,2.5,Diesel,yes,2009,T5 (Transporter) ïàññ.,front
Acura,8699,sedan,145,3.2,Gas,yes,2005,TL,front
Mitsubishi,11100,crossover,119,2.4,Gas,yes,2008,Outlander,
BMW,17700,sedan,98,2,Petrol,yes,2011,320,rear
Chevrolet,12500,sedan,43,1.8,Petrol,yes,2012,Cruze,front
Geely,3100,sedan,69,1.6,Petrol,yes,2010,CK1,
Audi,21000,sedan,210,4.2,Petrol,yes,2009,A8,full
Skoda,10200,hatch,180,1.9,Diesel,yes,2008,Octavia A5,front
Other-Retro,12700,crossover,60,4.2,Diesel,yes,1987,Êëàññè÷åñêèå,
Mercedes-Benz,2500,vagon,122,2.3,Petrol,yes,1987,230,rear
BMW,51500,crossover,23,3,Petrol,yes,2013,X6,full
Chevrolet,12500,sedan,43,1.8,Petrol,yes,2012,Cruze,front
BMW,39900,crossover,82,3,Petrol,yes,2011,X6,full
Toyota,35900,crossover,84,3,Diesel,yes,2013,Land Cruiser Prado,full
Nissan,18500,crossover,42,1.6,Petrol,yes,2012,Juke,full
Mazda,11999,crossover,110,2.3,Petrol,yes,2008,CX-7,full
Lexus,13999,sedan,128,3,Petrol,yes,2006,GS 300,full
Citroen,19900,hatch,103,1.6,Diesel,yes,2012,DS5,front
Renault,9300,vagon,184,1.5,Diesel,yes,2011,Megane,front
Nissan,20820,crossover,27,1.6,Gas,yes,2015,Juke,front
Opel,6490,van,290,1.9,Diesel,yes,2004,Vivaro ïàññ.,front
Mercedes-Benz,41500,other,26,NA,Diesel,yes,2013,E-Class,rear
VAZ,3300,sedan,103,1.6,Petrol,yes,2006,2110,front
Subaru,4700,sedan,164,2,Petrol,yes,1998,Legacy,full
Volkswagen,9599,sedan,88,1.6,Petrol,yes,2014,Polo,front
Mitsubishi,13200,crossover,124,3,Gas,yes,2008,Pajero Sport,full
Toyota,28900,crossover,120,3.5,Petrol,yes,2011,Highlander,full
Mercedes-Benz,11800,van,148,2.2,Diesel,yes,2010,Vito ãðóç.,
Hyundai,23999,crossover,62,2.2,Diesel,yes,2012,Santa FE,full
Toyota,35555,crossover,40,3.5,Petrol,yes,2013,Highlander,full
Kia,33419.1,crossover,0,2.2,Diesel,yes,2015,Sorento,full
Audi,20500,sedan,106,1.8,Petrol,yes,2011,A4,front
Mitsubishi,2800,other,290,2,Petrol,yes,1990,Galant,front
VAZ,3900,hatch,121,1.4,Petrol,yes,2008,1119,front
Hyundai,5000,van,5,2.5,Diesel,yes,1999,H 200 ïàññ.,rear
Renault,10750,hatch,136,1.5,Diesel,yes,2011,Megane,front
Dacia,5550,other,124,1.6,Gas,yes,2007,Logan,front
Subaru,4350,vagon,322,2.5,Petrol,yes,1998,Legacy,full
Peugeot,12500,hatch,80,1.4,Diesel,yes,2013,208,front
BMW,18777,sedan,134,4.4,Petrol,yes,2005,545,rear
Volkswagen,1800,sedan,250,NA,Petrol,yes,1991,Jetta,front
Moskvich-Izh,750,van,100,1.5,Petrol,yes,1988,2715,rear
Subaru,7600,crossover,132,2,Petrol,yes,2005,Forester,full
Renault,6400,sedan,51,1.6,Petrol,yes,2011,Logan,front
Honda,1750,sedan,193,2,Gas,yes,1988,Accord,front
Mitsubishi,17499,crossover,149,3,Gas,yes,2008,Pajero Wagon,full
MINI,11950,hatch,150,1.6,Petrol,yes,2008,Cooper S,front
BMW,4950,sedan,1,3,Petrol,yes,1996,730,rear
Suzuki,8200,crossover,50,1.3,Petrol,yes,1990,Samurai,full
Kia,3000,sedan,155,1.3,Gas,yes,2002,Rio,front
Skoda,7000,hatch,77,1.4,Petrol,yes,2007,Roomster,front
Nissan,6750,hatch,150,1.4,Petrol,yes,2008,Note,front
Toyota,9000,crossover,180,1.8,Gas,yes,2003,Matrix,front
Mercedes-Benz,13200,van,260,2.2,Diesel,yes,2008,Sprinter 213 ïàññ.,rear
Opel,7800,other,140,NA,Diesel,yes,2008,Astra H,front
VAZ,3777,other,70,1.6,Petrol,yes,2007,2110,front
Daewoo,2700,sedan,250,1.3,Petrol,yes,2005,Sens,front
VAZ,3950,crossover,120,1.7,Gas,yes,2004,2121,full
Mitsubishi,6300,sedan,126,1.6,Petrol,yes,2006,Lancer,front
Ford,23500,other,5,2.2,Diesel,yes,2014,Ranger,full
Honda,9300,crossover,183,2,Petrol,yes,2004,CR-V,full
Renault,7300,vagon,200,1.5,Diesel,yes,2008,Megane,front
Audi,44000,hatch,1,1.4,Petrol,yes,2016,A5,
Renault,8350,other,141,1.5,Other,yes,2012,Megane,front
Mercedes-Benz,20900,other,250,3.2,Diesel,yes,2007,ML 320,full
Hyundai,13000,sedan,6,1.4,Petrol,yes,2012,Accent,front
VAZ,537.225,sedan,87,1.5,Petrol,yes,1994,2105,rear
GAZ,2400,van,120,2.5,Gas,yes,2008,2752 Ñîáîëü,rear
Nissan,7800,hatch,85,1.6,Other,yes,2008,TIIDA,full
Mercedes-Benz,4100,sedan,410,2.2,Diesel,yes,1998,E-Class,rear
Toyota,26900,crossover,118,2.7,Petrol,yes,2011,Land Cruiser Prado,full
Subaru,7999,sedan,155,2,Petrol,yes,2008,Legacy,full
Toyota,17300,other,135,3.5,Gas,yes,2009,Camry,front
Volkswagen,3500,hatch,220,2,Petrol,yes,1994,Golf III,front
Audi,3000,vagon,270,2.5,Diesel,yes,1998,A4,front
Audi,2500,vagon,280,2.5,Other,no,1999,A6,full
Mitsubishi,7700,sedan,139,1.5,Petrol,yes,2008,Lancer X,front
Mercedes-Benz,7600,sedan,384,2.8,Petrol,yes,2000,E-Class,rear
Renault,4999,sedan,114,1.4,Other,yes,2006,Clio,front
Toyota,18999,crossover,95,2,Petrol,yes,2011,Rav 4,full
Suzuki,6900,hatch,142,1.3,Petrol,yes,2007,Swift,front
Mercedes-Benz,32000,crossover,176,3.2,Gas,yes,2003,G 320,full
Subaru,11800,crossover,160,2,Petrol,yes,2008,Forester,full
Kia,7800,other,140,2,Petrol,yes,2007,Magentis,front
Lexus,70000,crossover,13,2,Petrol,yes,2016,RX 200,full
Nissan,7500,hatch,129,1.6,Petrol,yes,2008,Note,front
Opel,4400,other,280,1.8,Petrol,yes,1996,Vectra B,front
Volkswagen,35000,crossover,20,2,Diesel,yes,2014,Tiguan,full
Subaru,38900,crossover,1,2,Diesel,yes,2016,Forester,full
Mercedes-Benz,0,other,24,4.7,Petrol,yes,2014,S 500,full
Mercedes-Benz,0,crossover,35,3,Diesel,yes,2015,G 350,full
Mercedes-Benz,0,crossover,27,3,Diesel,yes,2015,G 350,full
Mercedes-Benz,0,van,12,2.2,Diesel,yes,2015,V 250,full
Mercedes-Benz,2700,sedan,350,3,Diesel,yes,1988,300,rear
BMW,23900,crossover,162,4.8,Petrol,yes,2007,X5,full
Mercedes-Benz,0,sedan,25,3,Diesel,yes,2014,S 350,full
Volkswagen,55500,crossover,47,3,Diesel,yes,2016,Touareg,full
Mercedes-Benz,0,sedan,20,3,Diesel,yes,2015,S 350,full
Mercedes-Benz,0,sedan,24,3,Diesel,yes,2015,S 350,full
Porsche,23500,crossover,136,3.6,Petrol,yes,2008,Cayenne,full
Mercedes-Benz,0,sedan,25,3,Diesel,yes,2014,S 350,full
Mercedes-Benz,187555,other,0,4.7,Petrol,yes,2016,S 500,full
Mercedes-Benz,109900,sedan,40,3,Diesel,yes,2014,S 350,full
Mercedes-Benz,0,sedan,20,3,Diesel,yes,2015,S 350,full
Mercedes-Benz,0,other,25,4.7,Petrol,yes,2014,S 500,full
Mercedes-Benz,116500,sedan,25,3,Diesel,yes,2015,S 350,full
Subaru,37900,crossover,0,2,Diesel,yes,2016,Forester,full
Subaru,0,crossover,1,2,Diesel,yes,2016,Forester,full
Mercedes-Benz,0,sedan,42,3,Diesel,yes,2014,S 350,full
BMW,64999,sedan,15,3,Petrol,yes,2012,640,rear
Mercedes-Benz,124000,crossover,0,3,Petrol,yes,2016,GLS 400,full
Honda,0,crossover,1,1.6,Diesel,yes,2016,CR-V,full
Hyundai,10200,other,82,2,Gas,yes,2008,Coupe,front
Toyota,0,crossover,1,4.5,Diesel,yes,2016,Land Cruiser 200,full
Renault,11700,crossover,90,1.5,Diesel,yes,2011,Duster,full
Toyota,18990,crossover,95,2,Petrol,yes,2011,Rav 4,full
Mitsubishi,9200,sedan,48,1.5,Petrol,yes,2008,Lancer X,front
Toyota,8900,other,180,2,Petrol,yes,2003,Rav 4,full
Porsche,68000,crossover,38,4.8,Petrol,yes,2012,Cayenne,full
Volkswagen,1450,hatch,200,1.8,Gas,no,1992,Golf III,front
Skoda,6000,hatch,145,1.2,Gas,yes,2008,Fabia,front
Citroen,10800,van,41,1.6,Petrol,yes,2012,C3 Picasso,front
Honda,26000,crossover,68,2,Petrol,yes,2012,CR-V,full
Citroen,11800,hatch,62,1.6,Gas,yes,2012,C4,front
Peugeot,7100,van,170,1.6,Diesel,yes,2011,Partner ãðóç.,front
Hyundai,7400,hatch,112,1.4,Other,yes,2008,i30,front
Ford,1300,hatch,345,2,Gas,yes,1986,Scorpio,rear
Fiat,4800,hatch,113,1.2,Petrol,yes,2007,Punto,front
Skoda,6900,hatch,92,1.4,Petrol,yes,2009,Fabia,front
Mercedes-Benz,0,crossover,131,5,Petrol,yes,2008,G 500,full
Mitsubishi,1180,sedan,280,1.8,Diesel,yes,1986,Galant,front
Volkswagen,12999,van,250,1.9,Diesel,yes,2009,T5 (Transporter) ïàññ.,front
Ford,11200,sedan,15,1,Petrol,yes,2015,Focus,front
Mazda,8777,sedan,152,2.3,Petrol,yes,2008,6 MPS,full
Mitsubishi,10800,crossover,165,3,Gas,yes,2007,Pajero Sport,full
Volkswagen,31500,crossover,1,2,Petrol,yes,2014,Tiguan,full
Ford,4200,van,200,2,Diesel,yes,2003,Transit ãðóç.,front
Kia,18700,crossover,34,2,Gas,yes,2012,Sportage,full
Renault,3750,hatch,232,1.8,Petrol,yes,1997,Laguna,front
Peugeot,9350,hatch,118,1.6,Diesel,yes,2012,308,front
BMW,11900,sedan,1,2.8,Petrol,yes,2002,528,rear
Toyota,12500,crossover,201,2,Petrol,yes,2006,Rav 4,full
ZAZ,1600,hatch,170,1.1,Petrol,yes,1998,1102 Òàâðèÿ,front
VAZ,3550,hatch,93,1.6,Petrol,yes,2008,2114,front
Kia,6450,sedan,160,1.6,Petrol,yes,2007,Cerato,front
Ford,680,sedan,100,2.3,Gas,yes,1980,Granada,rear
Nissan,15000,other,96,3.5,Petrol,yes,2008,Altima,front
Mercedes-Benz,20500,sedan,222,5.5,Petrol,yes,2006,S 500,rear
Citroen,10600,hatch,5,1,Petrol,yes,2014,C1,front
Volkswagen,10900,vagon,185,1.4,Petrol,yes,2011,Golf VI,front
Mitsubishi,17500,crossover,170,3.8,Gas,yes,2008,Pajero Wagon,full
Toyota,8420,other,150,2.7,Gas,yes,2005,Tacoma,rear
VAZ,3900,crossover,163,1.7,Petrol,yes,2002,2121,full
Ford,26300,crossover,75,2,Diesel,yes,2014,Kuga,full
Mercedes-Benz,8000,sedan,300,2,Petrol,yes,2000,E-Class,rear
Suzuki,3499,hatch,57,1.3,Petrol,yes,1998,Swift,front
Volkswagen,13900,vagon,123,1.4,Gas,yes,2013,Touran,front
VAZ,3250,sedan,125,1.5,Gas,yes,2006,21099,front
Audi,1999,sedan,400,1.6,Diesel,yes,1986,80,front
Toyota,11700,crossover,126,2.4,Gas,yes,2008,Rav 4,full
Chevrolet,5999,sedan,100,1.6,Petrol,yes,2006,Lacetti,front
VAZ,1400,sedan,1,1.5,Gas,yes,1996,2106,rear
Chevrolet,18500,sedan,51,2.4,Gas,yes,2012,Malibu,front
Mercedes-Benz,1350,sedan,360,2.5,Diesel,no,1989,E-Class,rear
VAZ,2650,sedan,101,1.5,Petrol,yes,2005,21099,front
Porsche,69900,sedan,40,3,Diesel,yes,2013,Panamera,rear
VAZ,2400,vagon,187,1.5,Petrol,yes,2000,2111,front
Toyota,11800,sedan,90,1.8,Petrol,yes,2008,Avensis,front
BYD,4900,sedan,92,1.6,Petrol,yes,2007,F3,front
VAZ,2950,hatch,167,1.5,Gas,yes,2005,2114,front
SsangYong,16700,crossover,39,2.7,Diesel,yes,2013,Rexton,full
Audi,2550,vagon,1,2.5,Diesel,no,1998,A6,front
Volkswagen,11700,van,185,1.4,Petrol,yes,2008,Cross Touran,front
Skoda,8200,sedan,1,18,Gas,yes,2005,Superb,
VAZ,2650,hatch,125,1.5,Petrol,yes,2004,21093,front
VAZ,1500,sedan,200,1.5,Petrol,yes,2000,2105,rear
VAZ,3000,sedan,165,1.6,Other,yes,2006,1118,front
Moskvich-AZLK,350,sedan,100,NA,Other,yes,1985,2140,
Fiat,1600,other,2,1,Petrol,yes,1992,Panda,front
Opel,1250,sedan,200,1.6,Petrol,no,1996,Vectra B,front
Audi,13700,sedan,300,2,Diesel,yes,2005,A6,front
Skoda,13777,vagon,175,1.6,Diesel,yes,2012,Octavia A5,front
Mercedes-Benz,1700,sedan,300,2,Gas,no,1998,E-Class,rear
Smart,4200,other,170,0.6,Petrol,yes,2000,Fortwo,rear
Kia,28900,crossover,58,2.2,Diesel,yes,2013,Sorento,full
Infiniti,14900,crossover,130,3.5,Gas,yes,2005,FX 35,full
MG,10500,hatch,57,1.8,Petrol,yes,2014,6,front
Mercedes-Benz,22900,sedan,74,2.2,Diesel,yes,2011,C-Class,rear
Renault,7450,other,190,NA,Diesel,yes,2004,Grand Scenic,front
Kia,11500,crossover,128,2.5,Diesel,yes,2009,Sorento,full
Audi,27300,other,65,2,Petrol,yes,2011,TT,full
Mercedes-Benz,0,sedan,0,3,Petrol,yes,2016,S 400,full
Mercedes-Benz,33900,other,100,5.5,Petrol,yes,2007,CL 500,rear
UAZ,8100,crossover,10,2.4,Petrol,yes,2015,31514,full
Porsche,0,sedan,5,4.8,Petrol,yes,2015,Panamera,full
Mercedes-Benz,0,sedan,6,3,Diesel,yes,2014,S 350,full
Hyundai,34500,crossover,0,2,Diesel,yes,2016,Tucson,full
Mazda,16264.95,hatch,0,1.5,Petrol,yes,2016,2,full
Mercedes-Benz,57000,sedan,43,4.7,Petrol,yes,2012,CLS 500,
ZAZ,400,sedan,20,NA,Petrol,yes,1990,968,rear
Volkswagen,7000,van,250,2,Diesel,yes,2004,Caddy ïàññ.,front
Toyota,39500,other,1,2.8,Diesel,yes,2016,Hilux,full
Nissan,15800,crossover,150,4,Gas,yes,2008,Pathfinder,full
Mitsubishi,9800,sedan,81,2,Petrol,yes,2009,Lancer X,front
VAZ,2850,sedan,94,1.6,Petrol,yes,2007,1118,front
Infiniti,32000,crossover,87,3.7,Gas,yes,2011,FX 37,full
Seat,9000,hatch,180,2,Other,yes,2007,Toledo,front
Mazda,12500,vagon,73,2,Petrol,yes,2009,6,front
Mercedes-Benz,22000,crossover,160,4,Diesel,yes,2008,ML 400,full
Nissan,16000,crossover,54,1.6,Petrol,yes,2013,Juke,front
Peugeot,9999,hatch,65,1.6,Petrol,yes,2012,207,front
Nissan,17000,crossover,51,2.5,Petrol,yes,2011,X-Trail,full
Lexus,20000,crossover,123,3.5,Gas,yes,2008,RX 350,full
Hyundai,18000,crossover,55,2,Petrol,yes,2012,IX35,full
Subaru,14000,crossover,108,3,Petrol,yes,2007,Tribeca,full
Nissan,8500,sedan,89,1.6,Petrol,yes,2008,TIIDA,front
Peugeot,14500,sedan,75,1.6,Petrol,yes,2013,508,front
Volkswagen,22000,crossover,123,3,Diesel,yes,2009,Touareg,full
Suzuki,14000,crossover,81,2.4,Petrol,yes,2009,Grand Vitara,full
Mitsubishi,16000,crossover,59,NA,Petrol,yes,2012,ASX,front
Nissan,13500,crossover,95,2,Petrol,yes,2008,X-Trail,full
Mitsubishi,5800,vagon,230,1.6,Petrol,yes,2005,Space Star,front
Lexus,28500,sedan,130,4.6,Petrol,yes,2009,LS 460,full
Audi,10900,sedan,199,3,Petrol,yes,2004,A8,front
Mazda,10900,other,99,1.6,Petrol,yes,2009,3,front
VAZ,1555,sedan,125,1.35,Petrol,yes,1987,2106,rear
Honda,17800,sedan,80,2,Petrol,yes,2011,Accord,
Ford,1100,hatch,61,1.1,Petrol,yes,1986,Fiesta,front
VAZ,2500,hatch,200,1.5,Petrol,yes,2002,2112,front
Citroen,9000,other,146,1.6,Diesel,yes,2007,Jumpy ïàññ.,front
Hyundai,10700,hatch,114,1.6,Diesel,yes,2011,i30,front
VAZ,2300,hatch,137,1.5,Gas,yes,2004,2109,front
Bentley,547800,sedan,0,6.75,Petrol,yes,2016,Mulsanne,rear
Smart,5950,hatch,150,1.3,Petrol,yes,2004,Forfour,front
VAZ,3500,sedan,105,1.6,Gas,yes,2008,1118,front
Peugeot,11900,crossover,167,1.6,Diesel,yes,2011,3008,front
Moskvich-AZLK,1500,hatch,1,1.4,Petrol,yes,1964,403,rear
Volkswagen,20900,sedan,25,2,Diesel,yes,2015,Jetta,front
Chevrolet,4999,sedan,117,1.6,Petrol,yes,2008,Aveo,front
Audi,9700,sedan,249,2.5,Diesel,yes,2004,A6,full
SsangYong,12300,crossover,100,2.7,Diesel,yes,2010,Rexton,full
Mitsubishi,24000,crossover,20,2.5,Diesel,yes,2013,Pajero Sport,full
Kia,12800,hatch,50,1.6,Petrol,yes,2012,Soul,front
Renault,12000,van,137,1.5,Diesel,yes,2012,Grand Scenic,front
Chevrolet,6200,sedan,125,2.5,Gas,yes,2005,Evanda,front
ZAZ,800,hatch,247,1.1,Gas,yes,1994,1102 Òàâðèÿ,front
Kia,22000,crossover,75,2.4,Gas,yes,2011,Sorento,full
Toyota,17777,other,120,2.7,Gas,yes,2006,Land Cruiser Prado,full
Land Rover,29999,other,130,3.6,Diesel,yes,2009,Range Rover Sport,full
Toyota,39500,other,100,4.5,Diesel,yes,2008,Land Cruiser 200,full
Toyota,21999,other,65,2.5,Petrol,yes,2012,Camry,front
Toyota,63333,other,33,4.5,Diesel,yes,2013,Land Cruiser 200,full
Audi,23333,other,150,4.2,Petrol,yes,2007,Q7,full
Toyota,25999,other,108,4,Petrol,yes,2008,Land Cruiser Prado,full
Skoda,14777,other,100,1.8,Petrol,yes,2011,Octavia Scout,full
Toyota,16500,other,130,2.7,Gas,yes,2004,Land Cruiser Prado,full
Jaguar,39900,sedan,22,2,Petrol,yes,2015,XE,rear
Audi,48900,other,82,4.2,Petrol,yes,2007,R8,full
Chevrolet,75000,other,10,6.2,Petrol,yes,2011,Corvette,rear
VAZ,2000,hatch,162,1.5,Gas,yes,2001,21093,front
Volkswagen,6900,sedan,320,1.8,Gas,yes,2002,Passat B5,front
Renault,3400,hatch,77,1.8,Other,yes,1994,Laguna,front
Volkswagen,9599,sedan,140,1.8,Petrol,yes,2008,Passat B6,front
Renault,15000,sedan,21,1.5,Diesel,yes,2014,Fluence,front
VAZ,2650,hatch,120,1.6,Other,yes,2008,2109,
Peugeot,7400,hatch,145,2,Gas,yes,2006,307,front
Mitsubishi,21000,crossover,29,2,Gas,yes,2014,ASX,full
Mercedes-Benz,43999,sedan,132,3,Diesel,yes,2010,S 350,rear
Chevrolet,5700,sedan,130,1.6,Petrol,yes,2006,Lacetti,front
Renault,9700,van,152,2,Diesel,yes,2010,Trafic ãðóç.,front
BMW,13000,sedan,90,5,Petrol,no,2008,M5,rear
Skoda,5600,vagon,174,1.4,Petrol,yes,2001,Fabia,front
VAZ,1999,hatch,10,1.3,Petrol,yes,1993,2109,front
BMW,37500,other,55,2,Petrol,yes,2014,428,rear
Ford,5000,hatch,180,1.3,Petrol,yes,2006,Fiesta,front
Opel,4900,van,240,1.3,Diesel,yes,2006,Combo ïàññ.,front
BMW,18700,crossover,260,3,Diesel,yes,2006,X5,full
Moskvich-AZLK,550,sedan,30,99.99,Petrol,yes,1971,412,rear