Invoice ID,Branch,City,Customer type,Gender,Product line,Unit price,Quantity,Tax 5%,Total,Date,Time,Payment,cogs,gross margin percentage,gross income,Rating
420-11-4919,C,Naypyitaw,Member,Female,Food and beverages,71.39,5,17.8475,374.7975,2/17/2019,19:57,Credit card,356.95,4.761904762,17.8475,5.5
606-80-4905,C,Naypyitaw,Member,Female,Sports and travel,19.15,6,5.745,120.645,1/29/2019,10:01,Credit card,114.9,4.761904762,5.745,6.8
542-41-0513,B,Mandalay,Member,Female,Electronic accessories,57.49,4,11.498,241.458,3/15/2019,11:57,Cash,229.96,4.761904762,11.498,6.6
426-39-2418,C,Naypyitaw,Normal,Male,Electronic accessories,61.41,7,21.4935,451.3635,1/14/2019,10:02,Cash,429.87,4.761904762,21.4935,9.8
875-46-5808,B,Mandalay,Member,Male,Health and beauty,25.9,10,12.95,271.95,2/6/2019,14:51,Ewallet,259,4.761904762,12.95,8.7
394-43-4238,B,Mandalay,Member,Male,Home and lifestyle,17.77,5,4.4425,93.2925,2/15/2019,12:42,Credit card,88.85,4.761904762,4.4425,5.4
749-24-1565,A,Yangon,Normal,Female,Health and beauty,23.03,9,10.3635,217.6335,1/3/2019,12:02,Ewallet,207.27,4.761904762,10.3635,7.9
672-51-8681,C,Naypyitaw,Member,Female,Electronic accessories,66.65,9,29.9925,629.8425,1/4/2019,18:19,Credit card,599.85,4.761904762,29.9925,9.7
263-87-5680,C,Naypyitaw,Member,Female,Home and lifestyle,28.53,10,14.265,299.565,3/18/2019,17:38,Ewallet,285.3,4.761904762,14.265,7.8
573-58-9734,B,Mandalay,Normal,Female,Fashion accessories,30.37,3,4.5555,95.6655,3/28/2019,13:41,Ewallet,91.11,4.761904762,4.5555,5.1
817-69-8206,B,Mandalay,Normal,Female,Electronic accessories,99.73,9,44.8785,942.4485,3/2/2019,19:42,Credit card,897.57,4.761904762,44.8785,6.5
888-02-0338,A,Yangon,Normal,Male,Electronic accessories,26.23,9,11.8035,247.8735,1/25/2019,20:24,Ewallet,236.07,4.761904762,11.8035,5.9
677-11-0152,C,Naypyitaw,Normal,Female,Food and beverages,93.26,9,41.967,881.307,1/16/2019,18:08,Cash,839.34,4.761904762,41.967,8.8
142-63-6033,B,Mandalay,Normal,Male,Home and lifestyle,92.36,5,23.09,484.89,3/20/2019,19:17,Ewallet,461.8,4.761904762,23.09,4.9
656-16-1063,B,Mandalay,Normal,Male,Sports and travel,46.42,3,6.963,146.223,1/4/2019,13:24,Credit card,139.26,4.761904762,6.963,4.4
891-58-8335,B,Mandalay,Member,Female,Sports and travel,29.61,7,10.3635,217.6335,3/11/2019,15:53,Cash,207.27,4.761904762,10.3635,6.5
802-43-8934,A,Yangon,Normal,Male,Home and lifestyle,18.28,1,0.914,19.194,3/22/2019,15:05,Credit card,18.28,4.761904762,0.914,8.3
560-30-5617,B,Mandalay,Normal,Female,Sports and travel,24.77,5,6.1925,130.0425,3/24/2019,18:27,Cash,123.85,4.761904762,6.1925,8.5
319-74-2561,A,Yangon,Member,Female,Electronic accessories,94.64,3,14.196,298.116,2/21/2019,16:55,Cash,283.92,4.761904762,14.196,5.5
549-03-9315,B,Mandalay,Normal,Male,Fashion accessories,94.87,8,37.948,796.908,2/12/2019,12:58,Ewallet,758.96,4.761904762,37.948,8.7
790-29-1172,B,Mandalay,Normal,Female,Food and beverages,57.34,3,8.601,180.621,3/10/2019,18:59,Credit card,172.02,4.761904762,8.601,7.9
239-36-3640,B,Mandalay,Normal,Male,Electronic accessories,45.35,6,13.605,285.705,1/31/2019,13:44,Ewallet,272.1,4.761904762,13.605,6.1
468-01-2051,B,Mandalay,Normal,Male,Food and beverages,62.08,7,21.728,456.288,3/6/2019,13:46,Ewallet,434.56,4.761904762,21.728,5.4
389-25-3394,C,Naypyitaw,Normal,Male,Electronic accessories,11.81,5,2.9525,62.0025,2/17/2019,18:06,Cash,59.05,4.761904762,2.9525,9.4
279-62-1445,C,Naypyitaw,Member,Female,Fashion accessories,12.54,1,0.627,13.167,2/21/2019,12:38,Cash,12.54,4.761904762,0.627,8.2
213-72-6612,A,Yangon,Normal,Male,Food and beverages,43.25,2,4.325,90.825,3/20/2019,15:56,Cash,86.5,4.761904762,4.325,6.2
746-68-6593,C,Naypyitaw,Member,Female,Sports and travel,87.16,2,8.716,183.036,1/11/2019,14:29,Credit card,174.32,4.761904762,8.716,9.7
836-82-5858,B,Mandalay,Member,Male,Health and beauty,69.37,9,31.2165,655.5465,1/26/2019,19:14,Ewallet,624.33,4.761904762,31.2165,4
583-72-1480,C,Naypyitaw,Member,Male,Electronic accessories,37.06,4,7.412,155.652,1/31/2019,16:24,Ewallet,148.24,4.761904762,7.412,9.7
466-61-5506,B,Mandalay,Member,Female,Electronic accessories,90.7,6,27.21,571.41,2/26/2019,10:52,Cash,544.2,4.761904762,27.21,5.3
721-86-6247,A,Yangon,Normal,Female,Home and lifestyle,63.42,8,25.368,532.728,3/11/2019,12:55,Ewallet,507.36,4.761904762,25.368,7.4
289-65-5721,B,Mandalay,Normal,Female,Fashion accessories,81.37,2,8.137,170.877,1/26/2019,19:28,Cash,162.74,4.761904762,8.137,6.5
545-46-3100,B,Mandalay,Member,Female,Electronic accessories,10.59,3,1.5885,33.3585,3/12/2019,13:52,Credit card,31.77,4.761904762,1.5885,8.7
418-02-5978,B,Mandalay,Normal,Female,Health and beauty,84.09,9,37.8405,794.6505,2/11/2019,10:54,Cash,756.81,4.761904762,37.8405,8
269-04-5750,B,Mandalay,Member,Male,Fashion accessories,73.82,4,14.764,310.044,2/21/2019,18:31,Cash,295.28,4.761904762,14.764,6.7
157-13-5295,A,Yangon,Member,Male,Health and beauty,51.94,10,25.97,545.37,3/9/2019,18:24,Ewallet,519.4,4.761904762,25.97,6.5
645-78-8093,A,Yangon,Normal,Female,Sports and travel,93.14,2,9.314,195.594,1/20/2019,18:09,Ewallet,186.28,4.761904762,9.314,4.1
211-30-9270,C,Naypyitaw,Normal,Male,Health and beauty,17.41,5,4.3525,91.4025,1/28/2019,15:16,Credit card,87.05,4.761904762,4.3525,4.9
755-12-3214,C,Naypyitaw,Member,Female,Fashion accessories,44.22,5,11.055,232.155,3/5/2019,17:07,Credit card,221.1,4.761904762,11.055,8.6
346-84-3103,B,Mandalay,Member,Female,Electronic accessories,13.22,5,3.305,69.405,3/2/2019,19:26,Cash,66.1,4.761904762,3.305,4.3
478-06-7835,A,Yangon,Normal,Male,Fashion accessories,89.69,1,4.4845,94.1745,1/11/2019,11:20,Ewallet,89.69,4.761904762,4.4845,4.9
540-11-4336,A,Yangon,Normal,Male,Food and beverages,24.94,9,11.223,235.683,1/11/2019,16:49,Credit card,224.46,4.761904762,11.223,5.6
448-81-5016,A,Yangon,Normal,Male,Health and beauty,59.77,2,5.977,125.517,3/11/2019,12:01,Credit card,119.54,4.761904762,5.977,5.8
142-72-4741,C,Naypyitaw,Member,Male,Fashion accessories,93.2,2,9.32,195.72,2/28/2019,18:37,Credit card,186.4,4.761904762,9.32,6
217-58-1179,A,Yangon,Member,Male,Home and lifestyle,62.65,4,12.53,263.13,1/5/2019,11:25,Cash,250.6,4.761904762,12.53,4.2
376-02-8238,B,Mandalay,Normal,Male,Home and lifestyle,93.87,8,37.548,788.508,2/2/2019,18:42,Credit card,750.96,4.761904762,37.548,8.3
530-90-9855,A,Yangon,Member,Male,Home and lifestyle,47.59,8,19.036,399.756,1/1/2019,14:47,Cash,380.72,4.761904762,19.036,5.7
866-05-7563,B,Mandalay,Member,Female,Electronic accessories,81.4,3,12.21,256.41,2/9/2019,19:43,Cash,244.2,4.761904762,12.21,4.8
604-70-6476,A,Yangon,Member,Male,Fashion accessories,17.94,5,4.485,94.185,1/23/2019,14:04,Ewallet,89.7,4.761904762,4.485,6.8
799-71-1548,A,Yangon,Member,Male,Electronic accessories,77.72,4,15.544,326.424,1/7/2019,16:11,Credit card,310.88,4.761904762,15.544,8.8
785-13-7708,B,Mandalay,Normal,Male,Food and beverages,73.06,7,25.571,536.991,1/14/2019,19:06,Credit card,511.42,4.761904762,25.571,4.2
845-51-0542,B,Mandalay,Member,Male,Food and beverages,46.55,9,20.9475,439.8975,2/2/2019,15:34,Ewallet,418.95,4.761904762,20.9475,6.4
662-47-5456,C,Naypyitaw,Member,Male,Fashion accessories,35.19,10,17.595,369.495,3/17/2019,19:06,Credit card,351.9,4.761904762,17.595,8.4
883-17-4236,C,Naypyitaw,Normal,Female,Sports and travel,14.39,2,1.439,30.219,3/2/2019,19:44,Credit card,28.78,4.761904762,1.439,7.2
290-68-2984,A,Yangon,Normal,Male,Home and lifestyle,23.75,4,4.75,99.75,3/16/2019,11:22,Cash,95,4.761904762,4.75,5.2
704-11-6354,A,Yangon,Member,Male,Home and lifestyle,58.9,8,23.56,494.76,1/6/2019,11:23,Cash,471.2,4.761904762,23.56,8.9
110-48-7033,B,Mandalay,Member,Male,Fashion accessories,32.62,4,6.524,137.004,1/29/2019,14:12,Cash,130.48,4.761904762,6.524,9
366-93-0948,A,Yangon,Member,Male,Electronic accessories,66.35,1,3.3175,69.6675,1/31/2019,10:46,Credit card,66.35,4.761904762,3.3175,9.7
729-09-9681,A,Yangon,Member,Male,Home and lifestyle,25.91,6,7.773,163.233,2/5/2019,10:16,Ewallet,155.46,4.761904762,7.773,8.7
151-16-1484,A,Yangon,Member,Male,Electronic accessories,32.25,4,6.45,135.45,2/13/2019,12:38,Ewallet,129,4.761904762,6.45,6.5
380-94-4661,C,Naypyitaw,Member,Male,Electronic accessories,65.94,4,13.188,276.948,2/7/2019,13:05,Credit card,263.76,4.761904762,13.188,6.9
850-41-9669,A,Yangon,Normal,Female,Electronic accessories,75.06,9,33.777,709.317,3/19/2019,13:25,Ewallet,675.54,4.761904762,33.777,6.2
821-07-3596,C,Naypyitaw,Normal,Female,Fashion accessories,16.45,4,3.29,69.09,3/7/2019,14:53,Ewallet,65.8,4.761904762,3.29,5.6
655-85-5130,B,Mandalay,Member,Female,Fashion accessories,38.3,4,7.66,160.86,3/13/2019,19:22,Cash,153.2,4.761904762,7.66,5.7
447-15-7839,A,Yangon,Member,Female,Sports and travel,22.24,10,11.12,233.52,2/9/2019,11:00,Cash,222.4,4.761904762,11.12,4.2
154-74-7179,B,Mandalay,Normal,Male,Sports and travel,54.45,1,2.7225,57.1725,2/26/2019,19:24,Ewallet,54.45,4.761904762,2.7225,7.9
253-12-6086,A,Yangon,Member,Female,Sports and travel,98.4,7,34.44,723.24,3/12/2019,12:43,Credit card,688.8,4.761904762,34.44,8.7
808-65-0703,C,Naypyitaw,Normal,Male,Home and lifestyle,35.47,4,7.094,148.974,3/14/2019,17:22,Credit card,141.88,4.761904762,7.094,6.9
571-94-0759,B,Mandalay,Member,Female,Food and beverages,74.6,10,37.3,783.3,1/8/2019,20:55,Cash,746,4.761904762,37.3,9.5
144-51-6085,A,Yangon,Member,Male,Home and lifestyle,70.74,4,14.148,297.108,1/5/2019,16:05,Credit card,282.96,4.761904762,14.148,4.4
731-14-2199,A,Yangon,Member,Female,Home and lifestyle,35.54,10,17.77,373.17,1/4/2019,13:34,Ewallet,355.4,4.761904762,17.77,7
783-09-1637,B,Mandalay,Normal,Female,Sports and travel,67.43,5,16.8575,354.0075,3/6/2019,18:13,Ewallet,337.15,4.761904762,16.8575,6.3
687-15-1097,C,Naypyitaw,Member,Female,Health and beauty,21.12,2,2.112,44.352,1/3/2019,19:17,Cash,42.24,4.761904762,2.112,9.7
126-54-1082,A,Yangon,Member,Female,Home and lifestyle,21.54,9,9.693,203.553,1/7/2019,11:44,Credit card,193.86,4.761904762,9.693,8.8
633-91-1052,A,Yangon,Normal,Female,Home and lifestyle,12.03,2,1.203,25.263,1/27/2019,15:51,Cash,24.06,4.761904762,1.203,5.1
477-24-6490,B,Mandalay,Normal,Female,Health and beauty,99.71,6,29.913,628.173,2/26/2019,16:52,Ewallet,598.26,4.761904762,29.913,7.9
566-19-5475,B,Mandalay,Normal,Male,Fashion accessories,47.97,7,16.7895,352.5795,1/7/2019,20:52,Cash,335.79,4.761904762,16.7895,6.2
526-86-8552,C,Naypyitaw,Member,Female,Home and lifestyle,21.82,10,10.91,229.11,1/7/2019,17:36,Cash,218.2,4.761904762,10.91,7.1
376-56-3573,C,Naypyitaw,Normal,Female,Fashion accessories,95.42,4,19.084,400.764,2/2/2019,13:23,Ewallet,381.68,4.761904762,19.084,6.4
537-72-0426,C,Naypyitaw,Member,Male,Fashion accessories,70.99,10,35.495,745.395,3/20/2019,16:28,Cash,709.9,4.761904762,35.495,5.7
828-61-5674,A,Yangon,Member,Male,Sports and travel,44.02,10,22.01,462.21,3/20/2019,19:57,Credit card,440.2,4.761904762,22.01,9.6
136-08-6195,A,Yangon,Normal,Female,Home and lifestyle,69.96,8,27.984,587.664,2/15/2019,17:01,Credit card,559.68,4.761904762,27.984,6.4
523-38-0215,C,Naypyitaw,Normal,Male,Home and lifestyle,37,1,1.85,38.85,3/6/2019,13:29,Credit card,37,4.761904762,1.85,7.9
490-29-1201,A,Yangon,Normal,Female,Sports and travel,15.34,1,0.767,16.107,1/6/2019,11:09,Cash,15.34,4.761904762,0.767,6.5
667-92-0055,A,Yangon,Member,Male,Health and beauty,99.83,6,29.949,628.929,3/4/2019,15:02,Ewallet,598.98,4.761904762,29.949,8.5
565-17-3836,A,Yangon,Member,Female,Health and beauty,47.67,4,9.534,200.214,3/12/2019,14:21,Cash,190.68,4.761904762,9.534,9.1
498-41-1961,B,Mandalay,Normal,Male,Health and beauty,66.68,5,16.67,350.07,2/20/2019,18:01,Cash,333.4,4.761904762,16.67,7.6
593-95-4461,C,Naypyitaw,Member,Male,Home and lifestyle,74.86,1,3.743,78.603,3/24/2019,14:49,Cash,74.86,4.761904762,3.743,6.9
226-71-3580,C,Naypyitaw,Normal,Female,Sports and travel,23.75,9,10.6875,224.4375,1/31/2019,12:02,Cash,213.75,4.761904762,10.6875,9.5
283-79-9594,B,Mandalay,Normal,Female,Food and beverages,48.51,7,16.9785,356.5485,1/25/2019,13:30,Credit card,339.57,4.761904762,16.9785,5.2
430-60-3493,A,Yangon,Member,Female,Home and lifestyle,94.88,7,33.208,697.368,2/3/2019,14:38,Cash,664.16,4.761904762,33.208,4.2
139-20-0155,B,Mandalay,Member,Male,Electronic accessories,40.3,10,20.15,423.15,1/24/2019,17:37,Credit card,403,4.761904762,20.15,7
558-80-4082,C,Naypyitaw,Normal,Male,Electronic accessories,27.85,7,9.7475,204.6975,3/14/2019,17:20,Ewallet,194.95,4.761904762,9.7475,6
278-97-7759,A,Yangon,Member,Female,Electronic accessories,62.48,1,3.124,65.604,2/18/2019,20:29,Cash,62.48,4.761904762,3.124,4.7
316-68-6352,A,Yangon,Member,Female,Food and beverages,36.36,2,3.636,76.356,1/21/2019,10:00,Cash,72.72,4.761904762,3.636,7.1
585-03-5943,B,Mandalay,Normal,Male,Health and beauty,18.11,10,9.055,190.155,3/13/2019,11:46,Ewallet,181.1,4.761904762,9.055,5.9
211-05-0490,C,Naypyitaw,Member,Female,Electronic accessories,51.92,5,12.98,272.58,3/3/2019,13:42,Cash,259.6,4.761904762,12.98,7.5
727-75-6477,C,Naypyitaw,Normal,Male,Electronic accessories,28.84,4,5.768,121.128,3/29/2019,14:44,Cash,115.36,4.761904762,5.768,6.4
744-02-5987,A,Yangon,Member,Male,Home and lifestyle,78.38,6,23.514,493.794,1/10/2019,14:16,Ewallet,470.28,4.761904762,23.514,5.8
307-83-9164,A,Yangon,Member,Male,Home and lifestyle,60.01,4,12.002,252.042,1/25/2019,15:54,Cash,240.04,4.761904762,12.002,4.5