{"product":"Thin","category":"Cell Phone","revenue":6000}
{"product":"Normal","category":"Tablet","revenue":1500}
{"product":"Mini","category":"Tablet","revenue":5500}
{"product":"Ultra Thin","category":"Cell Phone","revenue":5000}
{"product":"Very Thin","category":"Cell Phone","revenue":6000}
{"product":"Big","category":"Tablet","revenue":2500}
{"product":"Bendable","category":"Cell Phone","revenue":3000}
{"product":"Foldable","category":"Cell Phone","revenue":3000}
{"product":"Pro","category":"Tablet","revenue":4500}
{"product":"Pro2","category":"Tablet","revenue":6500}
